CPH,cphType,locationId
10/101/0026,PERMANENT,L123120
37/065/0124,PERMANENT,L58700
10/191/0067,PERMANENT,L52276
14/004/0068,PERMANENT,L4313
06/083/0012,PERMANENT,L58782
10/331/0007,PERMANENT,L84882
07/122/0009,PERMANENT,L98325
10/196/0005,PERMANENT,L130896
10/245/0259,PERMANENT,L163297
10/196/0010,PERMANENT,L152680
35/251/0018,PERMANENT,L39598
24/428/0078,PERMANENT,L121899
10/232/0089,PERMANENT,L23136
10/078/0042,PERMANENT,L25878
22/028/0008,PERMANENT,L72865
10/152/0006,PERMANENT,L96432
10/213/0054,PERMANENT,L72701
06/247/0007,PERMANENT,L92571
34/651/0020,PERMANENT,L55890
33/227/0010,PERMANENT,L169548
10/234/0016,PERMANENT,L56702
14/351/0106,PERMANENT,L47596
10/079/0004,PERMANENT,L167138
14/254/0024,PERMANENT,L164061
41/158/0003,PERMANENT,L159355
37/033/0002,PERMANENT,L84403
45/176/0020,PERMANENT,L69954
07/221/0044,PERMANENT,L164285
36/396/0016,PERMANENT,L123042
35/174/0175,PERMANENT,L85799
10/334/0025,PERMANENT,L135535
10/325/0072,PERMANENT,L331
32/216/0009,PERMANENT,L153479
14/004/0052,PERMANENT,L50884
10/003/0011,PERMANENT,L99845
17/210/0017,PERMANENT,L55246
10/009/0005,PERMANENT,L145416
35/022/0001,PERMANENT,L1124
06/259/0015,PERMANENT,L42113
10/155/0033,PERMANENT,L150538
10/067/0022,PERMANENT,L141062
37/020/0043,PERMANENT,L53491
35/170/0005,PERMANENT,L32421
07/204/0006,PERMANENT,L92500
11/042/0004,PERMANENT,L40384
17/435/0170,PERMANENT,L11954
14/267/0014,PERMANENT,L65432
41/098/0007,PERMANENT,L27196
07/070/0029,PERMANENT,L105515
10/006/0056,PERMANENT,L69583
11/161/0016,PERMANENT,L171460
07/137/0038,PERMANENT,L151808
06/280/0004,PERMANENT,L145489
37/064/0449,PERMANENT,L43494
15/272/0068,PERMANENT,L153723
02/059/0003,PERMANENT,L161851
36/017/0003,PERMANENT,L39951
10/349/0114,PERMANENT,L9758
45/155/0043,PERMANENT,L6933
36/332/0104,PERMANENT,L24915
36/242/0129,PERMANENT,L77784
10/006/0196,PERMANENT,L20538
10/181/0173,PERMANENT,L138088
10/216/0001,PERMANENT,L138685
06/361/0040,PERMANENT,L43562
15/306/0016,PERMANENT,L172264
10/153/0029,PERMANENT,L1564
48/131/0036,PERMANENT,L156850
10/396/0088,PERMANENT,L2363
37/144/0004,PERMANENT,L42711
34/489/0074,PERMANENT,L100357
07/223/0011,PERMANENT,L63195
37/079/0154,PERMANENT,L92960
35/032/0084,PERMANENT,L71667
43/028/0010,PERMANENT,L171295
17/322/0026,PERMANENT,L82909
34/630/0017,PERMANENT,L144525
36/231/0003,PERMANENT,L118342
37/240/0007,PERMANENT,L6346
10/344/0012,PERMANENT,L163413
10/146/0052,PERMANENT,L16375
36/285/0079,PERMANENT,L34068
07/203/0187,PERMANENT,L60880
17/190/0018,PERMANENT,L105602
06/036/0006,PERMANENT,L3302
07/029/0025,PERMANENT,L34799
17/133/0036,PERMANENT,L89737
34/420/0098,PERMANENT,L78843
10/176/0026,PERMANENT,L86551
36/098/0013,PERMANENT,L42118
34/715/0001,PERMANENT,L146291
37/223/0082,PERMANENT,L172010
37/241/0015,PERMANENT,L43175
06/367/0013,PERMANENT,L47756
15/329/0030,PERMANENT,L76546
09/281/0006,PERMANENT,L166720
14/045/0002,PERMANENT,L146543
36/097/0009,PERMANENT,L87483
37/163/0019,PERMANENT,L10267
34/693/0025,PERMANENT,L132349
10/047/0026,PERMANENT,L53868
07/146/0142,PERMANENT,L48345
36/185/0017,PERMANENT,L5887
34/715/0027,PERMANENT,L56889
45/052/0001,PERMANENT,L39853
06/149/0013,PERMANENT,L51913
07/014/0012,PERMANENT,L36425
36/443/0027,PERMANENT,L40216
34/417/0079,PERMANENT,L28128
36/158/0006,PERMANENT,L63981
07/117/0055,PERMANENT,L138602
17/429/0273,PERMANENT,L40448
36/113/0032,PERMANENT,L129992
10/408/0022,PERMANENT,L23552
09/113/0024,PERMANENT,L71230
36/017/0125,PERMANENT,L112520
37/206/0084,PERMANENT,L78017
37/018/0012,PERMANENT,L13745
15/271/0227,PERMANENT,L61127
07/126/0008,PERMANENT,L20276
37/270/0019,PERMANENT,L103716
35/169/0012,PERMANENT,L92491
06/287/0013,PERMANENT,L91983
35/209/0010,PERMANENT,L118053
37/067/0050,PERMANENT,L112805
10/325/0068,PERMANENT,L25986
10/061/0005,PERMANENT,L57619
43/147/0011,PERMANENT,L170872
45/012/7008,PERMANENT,L75893
06/313/0006,PERMANENT,L57229
10/402/0035,PERMANENT,L95604
10/331/0072,PERMANENT,L167405
35/269/0310,PERMANENT,L81014
42/038/0012,PERMANENT,L43822
06/363/0007,PERMANENT,L42442
10/474/0018,PERMANENT,L140636
17/091/0002,PERMANENT,L23457
10/335/0045,PERMANENT,L22354
06/266/0016,PERMANENT,L140132
10/131/0135,PERMANENT,L32550
07/050/0009,PERMANENT,L1229
10/222/0008,PERMANENT,L144890
34/654/0012,PERMANENT,L165907
10/155/0131,PERMANENT,L84673
18/156/0092,PERMANENT,L20320
18/060/0007,PERMANENT,L133393
14/375/0011,PERMANENT,L114217
35/170/0074,PERMANENT,L135926
36/375/0093,PERMANENT,L107080
07/010/0133,PERMANENT,L170781
36/332/0097,PERMANENT,L54663
10/201/0011,PERMANENT,L92418
10/218/0006,PERMANENT,L142340
45/243/0002,PERMANENT,L135453
10/467/0009,PERMANENT,L29513
35/104/0012,PERMANENT,L147263
45/158/0042,PERMANENT,L106254
07/083/0044,PERMANENT,L108927
37/121/0198,PERMANENT,L43057
36/004/0006,PERMANENT,L6335
34/630/0003,PERMANENT,L140322
07/014/0039,PERMANENT,L64181
10/332/0019,PERMANENT,L115250
07/127/0016,PERMANENT,L6353
10/101/0089,PERMANENT,L16751
34/492/0001,PERMANENT,L5083
10/178/0255,PERMANENT,L37098
34/773/0015,PERMANENT,L120657
06/262/0005,PERMANENT,L77415
22/179/0003,PERMANENT,L70526
35/122/0006,PERMANENT,L90024
10/076/0010,PERMANENT,L36257
33/150/0004,PERMANENT,L96559
07/021/0212,PERMANENT,L146047
07/160/0033,PERMANENT,L171020
10/274/0034,PERMANENT,L128813
45/033/0004,PERMANENT,L35560
10/171/0045,PERMANENT,L48831
10/122/0015,PERMANENT,L97360
35/286/0027,PERMANENT,L39563
22/295/0063,PERMANENT,L68065
07/131/0024,PERMANENT,L38359
10/474/0020,PERMANENT,L156747
17/170/0037,PERMANENT,L4356
07/136/0033,PERMANENT,L6579
10/225/0016,PERMANENT,L88509
10/167/0015,PERMANENT,L9010
34/606/0044,PERMANENT,L155558
10/387/0040,PERMANENT,L30668
45/079/0003,PERMANENT,L89970
06/252/0017,PERMANENT,L164599
06/246/0028,PERMANENT,L30082
09/287/0008,PERMANENT,L35922
06/146/0024,PERMANENT,L49431
10/435/0118,PERMANENT,L93553
45/324/0013,PERMANENT,L106443
45/329/0004,PERMANENT,L153695
11/189/0002,PERMANENT,L163583
08/031/0018,PERMANENT,L65038
10/341/0032,PERMANENT,L40336
43/263/0072,PERMANENT,L77553
31/110/0020,PERMANENT,L17496
03/067/0010,PERMANENT,L174045
32/099/0036,PERMANENT,L9668
09/218/0027,PERMANENT,L51313
36/225/0082,PERMANENT,L50806
14/343/0185,PERMANENT,L36454
34/493/0121,PERMANENT,L162998
07/029/0015,PERMANENT,L8589
07/031/0004,PERMANENT,L107001
11/117/0018,PERMANENT,L20435
07/049/0047,PERMANENT,L122445
07/062/0026,PERMANENT,L68623
10/199/0090,PERMANENT,L173544
37/223/0001,PERMANENT,L89606
14/004/0015,PERMANENT,L87332
14/174/0001,PERMANENT,L59680
17/205/0004,PERMANENT,L88078
37/234/0106,PERMANENT,L43338
10/158/0033,PERMANENT,L145643
37/233/0039,PERMANENT,L27984
09/249/0019,PERMANENT,L122768
10/317/0036,PERMANENT,L69807
07/117/0087,PERMANENT,L146520
17/326/0010,PERMANENT,L146720
35/117/0011,PERMANENT,L10149
14/005/0003,PERMANENT,L113205
06/281/0006,PERMANENT,L112765
11/158/0066,PERMANENT,L63374
45/156/0015,PERMANENT,L28664
35/147/0183,PERMANENT,L60167
36/395/0008,PERMANENT,L173588
35/044/0024,PERMANENT,L32246
35/116/0003,PERMANENT,L155565
10/020/0011,PERMANENT,L106454
43/143/0162,PERMANENT,L107215
33/242/0005,PERMANENT,L101404
10/028/0021,PERMANENT,L56837
06/145/0047,PERMANENT,L104775
17/521/0109,PERMANENT,L56346
34/704/0025,PERMANENT,L105128
09/274/0004,PERMANENT,L127152
37/038/0020,PERMANENT,L135054
10/018/0001,PERMANENT,L143532
07/060/0014,PERMANENT,L83914
06/333/0021,PERMANENT,L5281
35/068/0023,PERMANENT,L15372
07/023/0022,PERMANENT,L37047
35/244/0010,PERMANENT,L162704
36/446/0021,PERMANENT,L41516
36/017/0075,PERMANENT,L73596
07/125/0082,PERMANENT,L72732
10/174/0180,PERMANENT,L89084
06/191/0024,PERMANENT,L134053
14/194/0037,PERMANENT,L115067
10/105/0034,PERMANENT,L91326
11/184/0005,PERMANENT,L151026
37/223/0085,PERMANENT,L71709
37/062/0073,PERMANENT,L57951
07/208/0010,PERMANENT,L126816
10/067/0013,PERMANENT,L136270
17/471/0028,PERMANENT,L4274
41/049/0060,PERMANENT,L153128
33/332/0005,PERMANENT,L142300
10/225/0063,PERMANENT,L123028
45/041/0004,PERMANENT,L142790
07/017/0033,PERMANENT,L109475
10/440/0007,PERMANENT,L105897
22/161/0034,PERMANENT,L17378
37/202/0006,PERMANENT,L138751
35/038/0087,PERMANENT,L47082
07/031/0006,PERMANENT,L153988
17/383/0006,PERMANENT,L18834
35/154/0034,PERMANENT,L50824
48/122/0016,PERMANENT,L80215
14/342/0033,PERMANENT,L162804
07/027/0026,PERMANENT,L72674
33/080/0003,PERMANENT,L4617
45/305/0048,PERMANENT,L83692
10/107/0010,PERMANENT,L86026
35/279/0021,PERMANENT,L99139
36/454/0001,PERMANENT,L137183
11/046/0021,PERMANENT,L48790
33/335/0002,PERMANENT,L88333
10/442/0042,PERMANENT,L34995
36/225/0017,PERMANENT,L168682
10/178/0134,PERMANENT,L161045
11/159/0058,PERMANENT,L64515
37/123/0025,PERMANENT,L112677
07/152/0009,PERMANENT,L49822
17/183/0032,PERMANENT,L118339
36/057/0020,PERMANENT,L53628
48/126/0014,PERMANENT,L8668
10/259/0015,PERMANENT,L157881
41/147/0009,PERMANENT,L77752
35/173/0022,PERMANENT,L174912
35/152/0142,PERMANENT,L154383
11/182/0063,PERMANENT,L124604
10/320/0020,PERMANENT,L32446
10/216/0006,PERMANENT,L132911
45/267/0024,PERMANENT,L55903
10/117/0070,PERMANENT,L165788
33/144/0004,PERMANENT,L35342
10/406/0103,PERMANENT,L95723
17/042/0038,PERMANENT,L122265
02/057/0030,PERMANENT,L130765
45/132/0005,PERMANENT,L136473
03/053/0021,PERMANENT,L168356
22/282/0010,PERMANENT,L100465
10/425/0011,PERMANENT,L133325
08/123/0032,PERMANENT,L109769
10/096/0155,PERMANENT,L87131
45/297/0018,PERMANENT,L83375
35/046/0040,PERMANENT,L63398
14/001/0001,PERMANENT,L76168
45/330/0002,PERMANENT,L78752
17/051/0052,PERMANENT,L73408
09/052/0012,PERMANENT,L118699
36/263/0038,PERMANENT,L88432
11/087/0067,PERMANENT,L104355
48/124/0047,PERMANENT,L101788
10/170/0047,PERMANENT,L47170
11/029/0015,PERMANENT,L44216
10/350/0119,PERMANENT,L47792
10/172/0040,PERMANENT,L75873
10/347/0100,PERMANENT,L90900
13/213/0006,PERMANENT,L34896
10/314/0155,PERMANENT,L166813
22/163/0008,PERMANENT,L153358
22/306/0079,PERMANENT,L95780
33/225/0004,PERMANENT,L32447
45/165/0012,PERMANENT,L107825
45/125/0023,PERMANENT,L27261
45/163/0006,PERMANENT,L31007
06/263/0036,PERMANENT,L19901
07/030/0118,PERMANENT,L68913
36/022/0104,PERMANENT,L75537
37/223/0020,PERMANENT,L120836
09/061/0006,PERMANENT,L13337
11/183/0034,PERMANENT,L156686
09/059/0009,PERMANENT,L44631
17/551/0001,PERMANENT,L91692
10/258/0132,PERMANENT,L163828
36/479/0002,PERMANENT,L65659
37/205/0026,PERMANENT,L49176
06/294/0016,PERMANENT,L30579
22/169/0073,PERMANENT,L36048
07/095/0061,PERMANENT,L109281
10/010/0062,PERMANENT,L82107
35/154/0021,PERMANENT,L51828
14/230/0006,PERMANENT,L80486
03/079/0004,PERMANENT,L117471
35/225/0109,PERMANENT,L40468
17/237/0034,PERMANENT,L164261
10/375/0029,PERMANENT,L161685
10/217/0015,PERMANENT,L45738
35/138/0005,PERMANENT,L167504
35/187/0020,PERMANENT,L68513
10/177/0067,PERMANENT,L33925
35/117/0043,PERMANENT,L66248
37/037/0113,PERMANENT,L73437
41/056/0205,PERMANENT,L90646
35/270/0119,PERMANENT,L174333
10/306/0004,PERMANENT,L154532
10/073/0030,PERMANENT,L162543
10/370/0008,PERMANENT,L55364
36/116/0018,PERMANENT,L156600
06/361/0041,PERMANENT,L171555
10/184/0095,PERMANENT,L153298
17/220/0068,PERMANENT,L152814
33/305/0006,PERMANENT,L40167
07/051/0574,PERMANENT,L88971
37/199/0003,PERMANENT,L128294
14/241/0003,PERMANENT,L7552
10/058/0011,PERMANENT,L102849
07/161/0087,PERMANENT,L50844
10/407/0066,PERMANENT,L113646
35/075/0006,PERMANENT,L112498
36/093/0014,PERMANENT,L81189
37/128/0060,PERMANENT,L63209
07/164/0064,PERMANENT,L102725
10/276/0020,PERMANENT,L67333
07/121/0031,PERMANENT,L126094
10/080/0018,PERMANENT,L43750
07/025/0035,PERMANENT,L130579
10/144/0043,PERMANENT,L48064
10/095/0025,PERMANENT,L20253
17/019/0004,PERMANENT,L136441
10/406/0330,PERMANENT,L68666
33/210/0003,PERMANENT,L104776
35/272/0035,PERMANENT,L60276
10/210/0111,PERMANENT,L111912
17/333/0195,PERMANENT,L125194
10/406/0165,PERMANENT,L57273
43/180/0007,PERMANENT,L43232
45/126/0021,PERMANENT,L10040
07/022/0026,PERMANENT,L160273
10/157/0013,PERMANENT,L1405
35/281/0030,PERMANENT,L64219
45/276/0011,PERMANENT,L122288
10/059/0038,PERMANENT,L7224
35/154/0013,PERMANENT,L120254
07/121/0023,PERMANENT,L136273
14/152/0012,PERMANENT,L84848
10/465/0028,PERMANENT,L122957
35/174/0016,PERMANENT,L56014
34/794/0009,PERMANENT,L143081
35/279/0011,PERMANENT,L171105
33/451/0016,PERMANENT,L136410
36/071/0005,PERMANENT,L162581
09/296/0154,PERMANENT,L33236
10/390/0044,PERMANENT,L12262
06/275/0005,PERMANENT,L4201
43/248/0033,PERMANENT,L142252
09/141/0103,PERMANENT,L80481
34/662/0007,PERMANENT,L169064
36/135/0019,PERMANENT,L16778
10/166/0064,PERMANENT,L141719
36/226/0040,PERMANENT,L108293
07/126/0079,PERMANENT,L91833
07/222/0011,PERMANENT,L160410
34/418/0005,PERMANENT,L168984
10/024/0077,PERMANENT,L44640
10/147/0005,PERMANENT,L106871
45/312/0011,PERMANENT,L94064
07/127/0033,PERMANENT,L139848
14/280/0024,PERMANENT,L124807
09/021/0018,PERMANENT,L92808
45/067/0016,PERMANENT,L127640
45/326/0035,PERMANENT,L139516
07/029/0022,PERMANENT,L23057
10/171/0013,PERMANENT,L116046
10/089/0017,PERMANENT,L153700
07/032/0031,PERMANENT,L165834
10/465/0025,PERMANENT,L119383
10/159/0020,PERMANENT,L57577
07/083/0013,PERMANENT,L72913
34/496/0008,PERMANENT,L136939
07/024/0049,PERMANENT,L141598
02/085/0063,PERMANENT,L41029
45/022/0010,PERMANENT,L17338
07/162/0003,PERMANENT,L66991
14/006/0007,PERMANENT,L6040
07/080/0058,PERMANENT,L68852
29/307/0008,PERMANENT,L83684
37/129/0002,PERMANENT,L133904
18/056/0022,PERMANENT,L101349
10/229/0042,PERMANENT,L66865
35/027/0007,PERMANENT,L98153
24/169/0009,PERMANENT,L113611
07/175/0089,PERMANENT,L47899
10/010/0011,PERMANENT,L134667
10/253/0374,PERMANENT,L77708
07/002/0101,PERMANENT,L75455
17/025/0036,PERMANENT,L63846
36/228/0025,PERMANENT,L12018
10/024/0090,PERMANENT,L149157
35/214/0004,PERMANENT,L44143
35/140/0025,PERMANENT,L120732
10/417/0002,PERMANENT,L102853
10/132/0031,PERMANENT,L163740
09/281/0001,PERMANENT,L96456
35/225/0023,PERMANENT,L148064
10/325/0022,PERMANENT,L124491
36/217/0072,PERMANENT,L55022
32/202/0031,PERMANENT,L156846
09/078/0016,PERMANENT,L36855
35/039/0018,PERMANENT,L76289
36/335/0259,PERMANENT,L22037
10/239/0002,PERMANENT,L154795
14/188/0016,PERMANENT,L175666
45/110/0005,PERMANENT,L26926
34/489/0021,PERMANENT,L102873
10/332/0006,PERMANENT,L32390
10/090/0013,PERMANENT,L75154
14/342/0031,PERMANENT,L47228
07/010/0062,PERMANENT,L79160
37/160/0005,PERMANENT,L40747
03/100/0014,PERMANENT,L103659
40/035/0095,PERMANENT,L147221
45/261/0007,PERMANENT,L30588
07/021/0127,PERMANENT,L5933
35/034/0026,PERMANENT,L38802
43/205/0057,PERMANENT,L12874
10/315/0033,PERMANENT,L38249
35/170/0009,PERMANENT,L26182
35/111/0006,PERMANENT,L140706
03/041/0008,PERMANENT,L162536
06/242/0011,PERMANENT,L127104
10/172/0025,PERMANENT,L3144
35/043/0012,PERMANENT,L128447
06/286/0001,PERMANENT,L138126
34/497/0039,PERMANENT,L176321
17/458/0003,PERMANENT,L13220
36/132/0049,PERMANENT,L933
07/119/0029,PERMANENT,L18956
35/095/0057,PERMANENT,L153834
37/223/0042,PERMANENT,L159810
10/081/0011,PERMANENT,L26378
17/464/0071,PERMANENT,L131387
11/046/0008,PERMANENT,L137957
36/231/0037,PERMANENT,L135976
10/399/0005,PERMANENT,L56358
07/026/0001,PERMANENT,L46547
10/275/0011,PERMANENT,L2493
10/191/0058,PERMANENT,L102741
07/037/0120,PERMANENT,L30851
37/054/0013,PERMANENT,L162823
36/092/0003,PERMANENT,L173907
10/015/0057,PERMANENT,L20
07/110/0041,PERMANENT,L68081
33/176/0019,PERMANENT,L121274
36/128/0019,PERMANENT,L140113
07/098/0026,PERMANENT,L73946
07/164/0003,PERMANENT,L123408
07/078/0059,PERMANENT,L65193
14/352/0001,PERMANENT,L129872
10/174/0171,PERMANENT,L99972
37/228/0083,PERMANENT,L149712
17/457/0002,PERMANENT,L116762
37/080/0100,PERMANENT,L120665
17/319/0011,PERMANENT,L125891
10/077/0065,PERMANENT,L111351
11/211/0002,PERMANENT,L115348
37/152/0156,PERMANENT,L91665
17/133/0059,PERMANENT,L67579
45/147/0013,PERMANENT,L31329
10/261/0112,PERMANENT,L150770
11/205/0012,PERMANENT,L143911
17/520/0020,PERMANENT,L73189
45/030/0003,PERMANENT,L48159
10/015/0044,PERMANENT,L7339
37/204/0044,PERMANENT,L8629
10/171/0054,PERMANENT,L97178
43/069/0004,PERMANENT,L81510
10/006/0021,PERMANENT,L158726
17/431/0033,PERMANENT,L98885
10/153/7002,PERMANENT,L164612
36/233/0027,PERMANENT,L129591
07/157/0163,PERMANENT,L63869
36/056/0005,PERMANENT,L16793
10/105/0033,PERMANENT,L105301
35/117/0026,PERMANENT,L175386
36/022/0224,PERMANENT,L117478
14/151/0022,PERMANENT,L43839
35/171/0108,PERMANENT,L73852
14/195/0006,PERMANENT,L53831
10/315/0083,PERMANENT,L82286
37/233/0021,PERMANENT,L135965
34/495/0020,PERMANENT,L76575
02/085/0003,PERMANENT,L58134
17/252/0034,PERMANENT,L13256
10/105/0083,PERMANENT,L169668
11/190/0005,PERMANENT,L159519
06/200/0047,PERMANENT,L127825
17/398/0007,PERMANENT,L114948
35/173/0102,PERMANENT,L67317
10/292/0012,PERMANENT,L121280
33/240/0008,PERMANENT,L91495
45/297/0004,PERMANENT,L96240
10/033/0102,PERMANENT,L83077
36/057/0009,PERMANENT,L97364
35/070/0006,PERMANENT,L2440
29/017/0031,PERMANENT,L38327
10/081/0005,PERMANENT,L129735
17/131/0003,PERMANENT,L54949
48/711/0048,PERMANENT,L160875
09/060/0002,PERMANENT,L89503
48/043/0080,PERMANENT,L170451
14/084/0011,PERMANENT,L133330
45/137/0060,PERMANENT,L158268
35/088/0041,PERMANENT,L142859
08/149/0045,PERMANENT,L40222
06/387/0039,PERMANENT,L10003
35/098/0063,PERMANENT,L136161
45/224/0047,PERMANENT,L81159
10/348/0074,PERMANENT,L119690
37/163/0026,PERMANENT,L130147
10/407/0019,PERMANENT,L134021
10/006/0085,PERMANENT,L146054
06/204/0003,PERMANENT,L130501
45/219/0001,PERMANENT,L37083
41/064/0070,PERMANENT,L30386
11/009/0002,PERMANENT,L156782
07/153/0021,PERMANENT,L20262
37/187/0209,PERMANENT,L101027
32/006/0004,PERMANENT,L106294
17/173/0002,PERMANENT,L55962
17/107/0010,PERMANENT,L13695
10/474/0027,PERMANENT,L96227
06/347/0009,PERMANENT,L20783
17/004/0072,PERMANENT,L102210
17/247/0046,PERMANENT,L5099
37/237/0027,PERMANENT,L159414
35/156/0452,PERMANENT,L15923
37/205/0079,PERMANENT,L84528
36/104/0032,PERMANENT,L11057
36/443/0009,PERMANENT,L146787
17/028/0003,PERMANENT,L154809
06/288/0004,PERMANENT,L92555
07/021/0035,PERMANENT,L119773
07/013/0015,PERMANENT,L59908
37/128/0028,PERMANENT,L33296
35/173/0008,PERMANENT,L125128
17/008/0005,PERMANENT,L55595
37/205/0113,PERMANENT,L173478
02/095/0011,PERMANENT,L95955
07/199/0076,PERMANENT,L69689
29/002/0009,PERMANENT,L39033
37/188/0084,PERMANENT,L115971
22/323/0006,PERMANENT,L123664
36/017/0223,PERMANENT,L123892
10/015/0147,PERMANENT,L121791
35/012/0038,PERMANENT,L147804
17/129/0009,PERMANENT,L87290
10/176/0237,PERMANENT,L57926
36/167/0011,PERMANENT,L120468
45/248/0093,PERMANENT,L6972
37/232/0007,PERMANENT,L108889
35/245/0028,PERMANENT,L100093
10/104/0029,PERMANENT,L63554
41/018/0138,PERMANENT,L82417
35/062/0183,PERMANENT,L128689
07/029/0034,PERMANENT,L31872
43/065/0008,PERMANENT,L57702
35/187/0011,PERMANENT,L936
07/085/0046,PERMANENT,L105024
17/511/0045,PERMANENT,L94806
10/171/0017,PERMANENT,L39208
10/171/0011,PERMANENT,L82139
17/173/0011,PERMANENT,L142060
33/117/0032,PERMANENT,L172567
17/030/0014,PERMANENT,L114660
10/158/0069,PERMANENT,L165498
09/227/0023,PERMANENT,L107942
37/180/0010,PERMANENT,L19323
17/207/0142,PERMANENT,L101403
10/199/0018,PERMANENT,L88851
45/299/0005,PERMANENT,L132978
10/428/0007,PERMANENT,L620
06/237/0005,PERMANENT,L140825
29/031/0013,PERMANENT,L158925
17/035/0001,PERMANENT,L121331
10/103/0043,PERMANENT,L108672
35/075/0043,PERMANENT,L161712
14/342/0035,PERMANENT,L5621
10/300/0003,PERMANENT,L105938
17/219/0040,PERMANENT,L133742
43/261/0008,PERMANENT,L61175
06/245/0011,PERMANENT,L129665
10/315/0019,PERMANENT,L110355
11/157/0002,PERMANENT,L19939
10/455/0103,PERMANENT,L102740
10/006/0015,PERMANENT,L15522
35/253/0398,PERMANENT,L8729
07/139/0043,PERMANENT,L95041
08/169/0037,PERMANENT,L147351
37/062/0031,PERMANENT,L130548
09/041/0009,PERMANENT,L62884
34/492/0013,PERMANENT,L137783
07/094/0111,PERMANENT,L157478
07/005/0106,PERMANENT,L124484
09/088/0007,PERMANENT,L50249
10/330/0017,PERMANENT,L123566
37/041/0018,PERMANENT,L27464
36/143/0119,PERMANENT,L21844
35/098/0055,PERMANENT,L127079
10/021/0013,PERMANENT,L172222
10/151/0009,PERMANENT,L157515
45/258/0016,PERMANENT,L159400
43/243/0005,PERMANENT,L115527
35/257/0039,PERMANENT,L121694
14/168/0269,PERMANENT,L74554
36/278/0051,PERMANENT,L17504
36/244/0036,PERMANENT,L49358
07/028/0037,PERMANENT,L106284
34/602/0124,PERMANENT,L14495
06/254/0034,PERMANENT,L168511
35/199/0023,PERMANENT,L28486
37/195/0009,PERMANENT,L41459
36/227/0002,PERMANENT,L61746
09/045/0027,PERMANENT,L68661
07/165/0003,PERMANENT,L77110
10/235/0012,PERMANENT,L26963
10/250/0009,PERMANENT,L147695
43/194/0017,PERMANENT,L127942
10/406/0013,PERMANENT,L102661
35/117/0031,PERMANENT,L152042
14/176/0007,PERMANENT,L65129
45/052/0013,PERMANENT,L36775
36/096/0003,PERMANENT,L75518
35/028/0090,PERMANENT,L6513
17/238/0026,PERMANENT,L12432
10/284/0023,PERMANENT,L86793
35/104/0105,PERMANENT,L140762
07/139/0026,PERMANENT,L111308
10/027/0006,PERMANENT,L25483
17/030/0008,PERMANENT,L127564
29/057/0004,PERMANENT,L126940
07/016/0056,PERMANENT,L90552
40/117/0021,PERMANENT,L152853
43/238/0001,PERMANENT,L109609
36/101/0030,PERMANENT,L4976
10/298/0011,PERMANENT,L62839
17/078/0016,PERMANENT,L35305
07/201/0005,PERMANENT,L136012
45/287/0001,PERMANENT,L109398
10/341/0002,PERMANENT,L140540
36/106/0006,PERMANENT,L22746
35/063/0026,PERMANENT,L19708
35/070/0002,PERMANENT,L18642
10/114/0220,PERMANENT,L24343
02/109/0054,PERMANENT,L155125
10/296/0029,PERMANENT,L174789
07/134/0054,PERMANENT,L93851
17/495/0107,PERMANENT,L152843
14/056/0009,PERMANENT,L93716
07/026/0011,PERMANENT,L17297
10/258/0074,PERMANENT,L116351
36/305/0019,PERMANENT,L118631
35/199/0030,PERMANENT,L67324
14/181/0026,PERMANENT,L85501
21/010/0011,PERMANENT,L90842
10/473/0015,PERMANENT,L134967
14/274/0043,PERMANENT,L33928
07/199/0068,PERMANENT,L140648
17/457/0036,PERMANENT,L74556
36/232/0007,PERMANENT,L169246
10/311/0027,PERMANENT,L95348
10/366/0085,PERMANENT,L52260
35/016/0004,PERMANENT,L168117
45/118/0035,PERMANENT,L71744
43/026/0014,PERMANENT,L156867
22/148/0099,PERMANENT,L149637
36/337/0032,PERMANENT,L133202
36/271/0193,PERMANENT,L85047
14/185/0036,PERMANENT,L1487
20/011/0035,PERMANENT,L67135
07/152/0019,PERMANENT,L83358
35/196/0066,PERMANENT,L146937
07/051/0795,PERMANENT,L136014
36/406/0003,PERMANENT,L100171
10/237/0007,PERMANENT,L146397
10/148/0048,PERMANENT,L151251
17/316/0027,PERMANENT,L55082
17/387/0117,PERMANENT,L157516
37/064/0231,PERMANENT,L67508
37/186/0009,PERMANENT,L128413
33/028/0002,PERMANENT,L167551
03/137/0011,PERMANENT,L71466
17/023/0009,PERMANENT,L129630
37/206/0277,PERMANENT,L22292
10/071/0090,PERMANENT,L104681
10/308/0011,PERMANENT,L8546
07/071/0062,PERMANENT,L155258
10/354/0119,PERMANENT,L57874
07/183/0085,PERMANENT,L96256
22/222/0056,PERMANENT,L31593
35/156/0015,PERMANENT,L24376
10/007/0028,PERMANENT,L13177
14/005/0028,PERMANENT,L44875
29/049/0086,PERMANENT,L152672
34/655/0003,PERMANENT,L42415
07/158/0135,PERMANENT,L35628
35/073/0005,PERMANENT,L88918
10/364/0016,PERMANENT,L109570
03/233/0082,PERMANENT,L1478
10/455/0025,PERMANENT,L89983
07/159/0019,PERMANENT,L135272
09/114/0008,PERMANENT,L77164
10/005/0085,PERMANENT,L162571
37/037/0013,PERMANENT,L155318
14/108/0107,PERMANENT,L106042
09/266/0007,PERMANENT,L63168
07/167/0013,PERMANENT,L66332
22/235/0013,PERMANENT,L135188
07/032/0015,PERMANENT,L133057
10/354/0087,PERMANENT,L121165
07/034/0017,PERMANENT,L156969
10/220/0004,PERMANENT,L30340
37/227/0069,PERMANENT,L20268
07/144/0101,PERMANENT,L35430
37/022/0061,PERMANENT,L123769
10/460/0089,PERMANENT,L174296
35/173/0036,PERMANENT,L42011
10/253/0018,PERMANENT,L110752
36/064/0234,PERMANENT,L6035
10/393/0008,PERMANENT,L51047
02/115/0006,PERMANENT,L7499
10/217/0022,PERMANENT,L95639
37/031/0023,PERMANENT,L166951
17/473/0177,PERMANENT,L14664
34/450/0003,PERMANENT,L81812
06/073/0004,PERMANENT,L97216
06/325/0009,PERMANENT,L31875
34/709/0009,PERMANENT,L151112
35/156/0126,PERMANENT,L95618
35/091/0002,PERMANENT,L117094
11/219/0181,PERMANENT,L123761
10/145/0047,PERMANENT,L122451
07/079/0088,PERMANENT,L161794
14/172/0031,PERMANENT,L61930
35/205/0049,PERMANENT,L116232
36/076/0020,PERMANENT,L33388
10/217/0047,PERMANENT,L167450
17/430/0009,PERMANENT,L160618
07/186/0394,PERMANENT,L32355
45/060/0083,PERMANENT,L4384
35/103/0067,PERMANENT,L700
45/257/0018,PERMANENT,L112185
07/092/0023,PERMANENT,L125989
17/549/0006,PERMANENT,L80617
37/020/0063,PERMANENT,L89784
11/072/0091,PERMANENT,L35906
10/315/0007,PERMANENT,L162522
37/004/0023,PERMANENT,L28362
07/164/0080,PERMANENT,L61850
45/177/0038,PERMANENT,L57238
10/001/0094,PERMANENT,L65382
15/271/0040,PERMANENT,L68755
34/709/0066,PERMANENT,L152859
22/057/0012,PERMANENT,L146202
36/415/0003,PERMANENT,L150640
10/115/0038,PERMANENT,L65679
11/061/0103,PERMANENT,L76835
10/169/0032,PERMANENT,L104474
35/225/0102,PERMANENT,L54002
43/242/0065,PERMANENT,L146363
10/207/0055,PERMANENT,L52107
10/021/0007,PERMANENT,L20949
36/328/0047,PERMANENT,L155970
11/209/0032,PERMANENT,L160812
37/270/0037,PERMANENT,L17576
10/114/0069,PERMANENT,L16046
45/224/0044,PERMANENT,L21753
17/394/0002,PERMANENT,L135222
11/199/0025,PERMANENT,L64824
34/450/0008,PERMANENT,L26462
09/152/0001,PERMANENT,L159523
10/474/0002,PERMANENT,L82557
35/154/0162,PERMANENT,L87783
10/127/0040,PERMANENT,L132005
03/128/0012,PERMANENT,L98948
35/170/0119,PERMANENT,L21485
33/090/0007,PERMANENT,L175885
07/025/0007,PERMANENT,L97723
10/177/0033,PERMANENT,L162693
07/103/0056,PERMANENT,L117323
14/354/0005,PERMANENT,L36959
45/314/0051,PERMANENT,L50819
45/007/0034,PERMANENT,L117142
09/054/0002,PERMANENT,L1649
14/125/0025,PERMANENT,L41263
17/313/0023,PERMANENT,L10567
17/313/0021,PERMANENT,L165481
36/486/0010,PERMANENT,L172346
10/007/0022,PERMANENT,L125602
10/098/0032,PERMANENT,L96868
41/109/0006,PERMANENT,L81613
35/224/0030,PERMANENT,L130416
09/028/0016,PERMANENT,L40250
10/201/0012,PERMANENT,L21287
09/275/0018,PERMANENT,L133773
34/678/0004,PERMANENT,L72004
07/210/0004,PERMANENT,L107710
10/313/0046,PERMANENT,L154027
41/021/0021,PERMANENT,L176415
35/196/0120,PERMANENT,L122435
33/141/0004,PERMANENT,L11452
10/015/0007,PERMANENT,L60606
10/205/0006,PERMANENT,L74139
14/311/0009,PERMANENT,L83796
17/254/0116,PERMANENT,L153319
10/467/0040,PERMANENT,L142207
10/103/0025,PERMANENT,L130748
10/422/0042,PERMANENT,L70135
22/452/0087,PERMANENT,L5976
10/014/0011,PERMANENT,L98419
07/210/0018,PERMANENT,L109869
37/228/0010,PERMANENT,L132431
10/159/0011,PERMANENT,L50002
07/149/0020,PERMANENT,L165011
07/072/0003,PERMANENT,L19498
36/033/0046,PERMANENT,L113217
10/156/0031,PERMANENT,L139088
34/601/0037,PERMANENT,L122596
07/048/0069,PERMANENT,L176673
07/079/0076,PERMANENT,L169861
07/117/0028,PERMANENT,L11611
06/350/0026,PERMANENT,L73726
10/432/0021,PERMANENT,L46056
36/435/0022,PERMANENT,L10729
43/056/0032,PERMANENT,L143584
07/011/0073,PERMANENT,L33518
07/199/0083,PERMANENT,L142031
08/369/0039,PERMANENT,L161933
37/057/0023,PERMANENT,L9717
10/201/0051,PERMANENT,L77228
07/167/0022,PERMANENT,L115997
45/301/0005,PERMANENT,L156301
43/035/0059,PERMANENT,L164804
07/146/0090,PERMANENT,L142863
36/090/0083,PERMANENT,L167382
14/185/0078,PERMANENT,L9944
37/095/0029,PERMANENT,L4115
11/159/0023,PERMANENT,L136130
10/174/0030,PERMANENT,L47098
37/022/0304,PERMANENT,L14730
10/349/0038,PERMANENT,L129990
10/474/0011,PERMANENT,L18656
45/041/0074,PERMANENT,L157091
37/237/0075,PERMANENT,L89077
10/372/0013,PERMANENT,L96103
10/221/0072,PERMANENT,L110926
17/378/0011,PERMANENT,L89968
10/405/0008,PERMANENT,L96812
10/352/0115,PERMANENT,L126192
37/187/0070,PERMANENT,L74417
17/240/0002,PERMANENT,L114646
35/147/0044,PERMANENT,L69660
11/123/0059,PERMANENT,L157161
10/233/0025,PERMANENT,L22882
10/086/0007,PERMANENT,L53073
35/155/0074,PERMANENT,L156551
06/342/0085,PERMANENT,L92769
07/021/0076,PERMANENT,L20759
10/270/0056,PERMANENT,L164396
32/185/0014,PERMANENT,L59898
10/402/0001,PERMANENT,L130556
10/027/0029,PERMANENT,L47624
45/306/0007,PERMANENT,L173323
43/284/7001,PERMANENT,L94780
10/068/0030,PERMANENT,L92306
14/174/0005,PERMANENT,L51367
17/430/0005,PERMANENT,L85407
45/035/0007,PERMANENT,L164608
07/118/0099,PERMANENT,L49530
33/217/0022,PERMANENT,L114525
36/419/0014,PERMANENT,L152308
10/119/0061,PERMANENT,L31005
10/295/0003,PERMANENT,L107754
36/099/0001,PERMANENT,L37055
16/019/0056,PERMANENT,L106311
10/143/0001,PERMANENT,L138681
10/390/0038,PERMANENT,L54658
45/021/0097,PERMANENT,L42238
35/011/0033,PERMANENT,L108933
36/022/0099,PERMANENT,L85138
06/385/0004,PERMANENT,L49575
07/055/0142,PERMANENT,L155806
10/142/0001,PERMANENT,L90198
33/261/0033,PERMANENT,L62736
10/250/0021,PERMANENT,L120671
07/029/0032,PERMANENT,L34800
11/072/0107,PERMANENT,L109207
36/090/0068,PERMANENT,L91423
37/141/0068,PERMANENT,L129141
06/249/0029,PERMANENT,L28314
10/133/0151,PERMANENT,L137791
07/031/0029,PERMANENT,L175656
45/011/0027,PERMANENT,L108432
33/217/0025,PERMANENT,L89989
37/065/0073,PERMANENT,L91703
14/086/0018,PERMANENT,L126255
10/110/0030,PERMANENT,L157699
14/185/0077,PERMANENT,L22410
07/020/0108,PERMANENT,L3510
35/165/0109,PERMANENT,L73285
01/059/0089,PERMANENT,L77089
21/373/0147,PERMANENT,L36642
36/335/0206,PERMANENT,L37119
10/474/0008,PERMANENT,L12303
11/162/0007,PERMANENT,L74980
45/021/0155,PERMANENT,L113241
11/182/0067,PERMANENT,L87618
06/041/0003,PERMANENT,L31478
42/333/0024,PERMANENT,L47859
34/607/0021,PERMANENT,L85511
06/289/0020,PERMANENT,L148336
35/144/0270,PERMANENT,L59109
35/113/0006,PERMANENT,L35148
10/016/0009,PERMANENT,L149041
10/366/0152,PERMANENT,L23638
37/018/0015,PERMANENT,L129123
29/285/0009,PERMANENT,L84177
07/167/0062,PERMANENT,L53801
41/157/0009,PERMANENT,L18465
35/215/0073,PERMANENT,L37633
45/316/0027,PERMANENT,L9376
37/102/0013,PERMANENT,L49121
45/014/0058,PERMANENT,L71302
34/711/0053,PERMANENT,L13821
07/032/0009,PERMANENT,L156485
07/001/0018,PERMANENT,L9757
35/156/0263,PERMANENT,L5936
45/122/0017,PERMANENT,L139815
37/121/0077,PERMANENT,L70560
34/495/0024,PERMANENT,L22417
17/169/0023,PERMANENT,L4220
33/102/0021,PERMANENT,L154019
06/088/0021,PERMANENT,L167977
36/335/0053,PERMANENT,L131721
33/463/0022,PERMANENT,L118915
34/606/0068,PERMANENT,L76480
15/155/0049,PERMANENT,L159817
10/331/0073,PERMANENT,L152361
11/171/0008,PERMANENT,L9511
37/031/0019,PERMANENT,L98512
09/175/0013,PERMANENT,L42310
17/192/0013,PERMANENT,L108808
10/218/0005,PERMANENT,L140400
37/079/0155,PERMANENT,L152590
07/195/0013,PERMANENT,L152578
10/348/0138,PERMANENT,L80974
17/374/0055,PERMANENT,L22820
09/311/0080,PERMANENT,L163900
41/091/0040,PERMANENT,L71617
37/121/0035,PERMANENT,L113937
10/172/0037,PERMANENT,L148442
34/416/0003,PERMANENT,L86644
37/128/0122,PERMANENT,L175613
17/154/0042,PERMANENT,L42110
17/156/0005,PERMANENT,L33190
43/067/0014,PERMANENT,L158
17/460/0023,PERMANENT,L8724
34/647/0066,PERMANENT,L163921
02/099/0001,PERMANENT,L164338
10/110/0074,PERMANENT,L34115
34/420/0029,PERMANENT,L149862
36/104/0034,PERMANENT,L111144
07/160/0037,PERMANENT,L138142
11/228/0113,PERMANENT,L85776
10/309/0032,PERMANENT,L105153
10/353/0038,PERMANENT,L129689
35/165/0056,PERMANENT,L90716
14/283/0009,PERMANENT,L104677
45/305/0015,PERMANENT,L88163
10/157/0004,PERMANENT,L143819
36/013/0001,PERMANENT,L96847
14/283/0019,PERMANENT,L154876
17/358/0027,PERMANENT,L58795
10/186/0054,PERMANENT,L38257
35/012/0026,PERMANENT,L91593
37/121/0117,PERMANENT,L74156
09/116/0193,PERMANENT,L5905
07/183/0213,PERMANENT,L90578
35/270/0069,PERMANENT,L37160
35/027/0026,PERMANENT,L81783
41/122/0046,PERMANENT,L868
10/253/0129,PERMANENT,L174318
17/072/0038,PERMANENT,L125553
10/064/0028,PERMANENT,L42472
24/811/0150,PERMANENT,L117727
09/309/0001,PERMANENT,L151039
10/258/0116,PERMANENT,L71359
10/232/0033,PERMANENT,L78951
10/308/0036,PERMANENT,L86583
35/144/0607,PERMANENT,L104087
17/025/0030,PERMANENT,L136568
10/094/0021,PERMANENT,L130082
07/122/0077,PERMANENT,L97041
07/155/0063,PERMANENT,L77789
34/489/0087,PERMANENT,L92272
08/143/0008,PERMANENT,L12703
35/205/0010,PERMANENT,L36123
07/012/0092,PERMANENT,L104372
17/180/0039,PERMANENT,L100652
17/552/0001,PERMANENT,L110679
34/445/0041,PERMANENT,L154502
37/204/0025,PERMANENT,L91057
07/028/0072,PERMANENT,L55991
34/616/0225,PERMANENT,L16787
36/415/0006,PERMANENT,L77607
10/158/0022,PERMANENT,L163817
22/227/0017,PERMANENT,L78516
33/083/0003,PERMANENT,L46067
43/208/0005,PERMANENT,L144513
14/185/0008,PERMANENT,L91472
45/297/0055,PERMANENT,L101114
37/205/0042,PERMANENT,L15579
36/397/0011,PERMANENT,L19402
03/134/0073,PERMANENT,L9690
17/367/0027,PERMANENT,L50893
14/362/0007,PERMANENT,L85370
10/219/0013,PERMANENT,L139160
45/053/0154,PERMANENT,L112270
10/178/0015,PERMANENT,L149984
35/103/0009,PERMANENT,L75699
37/018/0013,PERMANENT,L120041
36/334/0037,PERMANENT,L57710
22/263/0007,PERMANENT,L88941
33/311/0031,PERMANENT,L144148
35/150/0074,PERMANENT,L158751
34/421/0022,PERMANENT,L30001
35/281/0027,PERMANENT,L69349
10/353/0040,PERMANENT,L41916
07/064/0007,PERMANENT,L26017
07/028/0011,PERMANENT,L51630
10/109/0001,PERMANENT,L26910
10/089/0037,PERMANENT,L145822
35/029/0042,PERMANENT,L76355
45/105/0002,PERMANENT,L67517
32/016/0024,PERMANENT,L87533
43/158/0067,PERMANENT,L72058
36/052/0011,PERMANENT,L171606
10/350/0107,PERMANENT,L118435
10/313/0096,PERMANENT,L85459
36/335/0241,PERMANENT,L34391
43/259/0006,PERMANENT,L172959
36/118/0017,PERMANENT,L60918
37/056/0016,PERMANENT,L32470
14/159/0157,PERMANENT,L146297
35/116/0027,PERMANENT,L26916
35/144/0073,PERMANENT,L54808
45/056/0009,PERMANENT,L75627
10/281/0054,PERMANENT,L68763
10/107/0002,PERMANENT,L117373
35/122/0005,PERMANENT,L162820
33/022/0054,PERMANENT,L25908
06/076/0022,PERMANENT,L97390
07/119/0022,PERMANENT,L44322
06/382/0014,PERMANENT,L107022
34/624/0007,PERMANENT,L133433
17/183/0016,PERMANENT,L65840
34/446/0070,PERMANENT,L60142
37/206/0116,PERMANENT,L18236
37/141/0057,PERMANENT,L79777
29/113/0006,PERMANENT,L75523
46/395/0015,PERMANENT,L17748
17/198/0002,PERMANENT,L152664
29/304/0007,PERMANENT,L170745
37/227/0027,PERMANENT,L38602
37/204/0038,PERMANENT,L136920
07/142/0023,PERMANENT,L132041
12/694/0008,PERMANENT,L19150
07/212/0005,PERMANENT,L77376
33/344/0014,PERMANENT,L89355
36/228/0024,PERMANENT,L12573
14/004/0031,PERMANENT,L88374
42/124/0019,PERMANENT,L58006
36/407/0065,PERMANENT,L129159
35/177/0011,PERMANENT,L86601
10/120/0076,PERMANENT,L168391
10/250/0102,PERMANENT,L110142
34/495/0029,PERMANENT,L67966
45/060/0175,PERMANENT,L64010
35/154/0102,PERMANENT,L1131
35/169/0117,PERMANENT,L100268
14/083/0003,PERMANENT,L134208
14/008/0097,PERMANENT,L171985
33/188/0060,PERMANENT,L35553
36/117/0024,PERMANENT,L75887
03/068/0011,PERMANENT,L169883
35/245/0034,PERMANENT,L89535
36/315/0080,PERMANENT,L87640
17/499/7000,PERMANENT,L38693
07/220/0060,PERMANENT,L123958
10/269/0003,PERMANENT,L41677
10/329/0017,PERMANENT,L33293
03/069/0011,PERMANENT,L105830
07/173/0039,PERMANENT,L35966
10/320/0017,PERMANENT,L120938
10/309/0117,PERMANENT,L117600
03/076/0006,PERMANENT,L72769
10/116/0057,PERMANENT,L52149
36/185/0023,PERMANENT,L57330
36/164/0011,PERMANENT,L170932
29/273/0017,PERMANENT,L137688
10/016/0075,PERMANENT,L33493
07/136/0029,PERMANENT,L106750
37/063/0027,PERMANENT,L154147
07/095/0002,PERMANENT,L106325
37/067/0078,PERMANENT,L133378
34/628/0198,PERMANENT,L13784
08/028/0085,PERMANENT,L14644
07/054/0033,PERMANENT,L140668
43/151/0106,PERMANENT,L98440
35/075/0025,PERMANENT,L59039
07/027/0035,PERMANENT,L146061
07/115/0017,PERMANENT,L73703
10/176/0007,PERMANENT,L24760
22/228/0041,PERMANENT,L10983
10/406/0116,PERMANENT,L64706
07/071/0022,PERMANENT,L158027
15/117/0147,PERMANENT,L135624
24/718/0003,PERMANENT,L72719
06/209/0004,PERMANENT,L20890
03/081/0017,PERMANENT,L163213
17/037/0029,PERMANENT,L157171
45/139/0019,PERMANENT,L90872
36/332/0083,PERMANENT,L156380
43/078/0003,PERMANENT,L66010
10/105/0009,PERMANENT,L146662
35/137/0025,PERMANENT,L104417
34/711/0014,PERMANENT,L67662
42/091/0012,PERMANENT,L13275
35/115/0025,PERMANENT,L150611
10/245/0258,PERMANENT,L155500
34/630/0033,PERMANENT,L75514
17/508/0004,PERMANENT,L84547
06/295/0007,PERMANENT,L122869
17/206/0006,PERMANENT,L125432
24/435/0010,PERMANENT,L122231
10/335/0030,PERMANENT,L129167
35/275/0011,PERMANENT,L26213
35/104/0048,PERMANENT,L74822
10/066/0013,PERMANENT,L112432
03/206/0003,PERMANENT,L146832
10/051/0028,PERMANENT,L137582
35/253/0103,PERMANENT,L172987
17/439/0088,PERMANENT,L59972
45/326/0011,PERMANENT,L1351
45/267/0021,PERMANENT,L130300
14/249/0006,PERMANENT,L12206
06/284/0006,PERMANENT,L55421
13/190/0014,PERMANENT,L66160
10/008/0024,PERMANENT,L52173
17/498/0008,PERMANENT,L5308
08/030/0025,PERMANENT,L38744
33/003/0030,PERMANENT,L104667
10/228/0015,PERMANENT,L78816
17/438/0013,PERMANENT,L14977
10/080/0073,PERMANENT,L116593
10/314/0140,PERMANENT,L7489
45/012/0016,PERMANENT,L139599
36/484/0018,PERMANENT,L172058
17/149/0008,PERMANENT,L154185
35/215/0017,PERMANENT,L108837
11/054/0001,PERMANENT,L89018
10/091/0021,PERMANENT,L132150
10/280/0122,PERMANENT,L101836
45/288/0020,PERMANENT,L156976
37/065/0121,PERMANENT,L64798
34/625/0008,PERMANENT,L53813
08/333/0034,PERMANENT,L90290
43/218/0004,PERMANENT,L135658
11/186/0008,PERMANENT,L169682
01/121/0003,PERMANENT,L128688
35/011/0123,PERMANENT,L130912
17/130/0052,PERMANENT,L14823
24/428/0027,PERMANENT,L33477
10/208/0006,PERMANENT,L52287
07/119/0016,PERMANENT,L43649
37/270/0090,PERMANENT,L59041
35/012/0041,PERMANENT,L66232
11/154/0011,PERMANENT,L78338
10/161/0030,PERMANENT,L36601
07/211/0015,PERMANENT,L173965
10/004/0010,PERMANENT,L29420
14/151/0031,PERMANENT,L30639
10/247/0023,PERMANENT,L91500
21/181/0016,PERMANENT,L35651
10/382/0010,PERMANENT,L49348
07/049/0034,PERMANENT,L27905
45/149/0015,PERMANENT,L169189
07/139/0012,PERMANENT,L4399
33/067/0047,PERMANENT,L142776
09/030/0020,PERMANENT,L19041
03/062/0026,PERMANENT,L3327
03/047/0035,PERMANENT,L97434
15/007/0008,PERMANENT,L10251
34/414/0005,PERMANENT,L22576
35/061/0031,PERMANENT,L2254
17/007/0044,PERMANENT,L5429
35/257/0032,PERMANENT,L151703
11/222/0001,PERMANENT,L42931
35/269/0066,PERMANENT,L135246
17/086/0003,PERMANENT,L8450
20/043/0034,PERMANENT,L23184
14/308/0014,PERMANENT,L115240
10/107/0013,PERMANENT,L85887
10/152/0021,PERMANENT,L138630
11/215/0005,PERMANENT,L39189
06/221/0067,PERMANENT,L17518
11/036/0047,PERMANENT,L43642
07/126/0016,PERMANENT,L31052
29/105/0056,PERMANENT,L51812
10/160/0008,PERMANENT,L81986
10/219/0025,PERMANENT,L134020
08/654/0023,PERMANENT,L97952
07/202/0024,PERMANENT,L58747
10/455/0085,PERMANENT,L114255
14/305/0024,PERMANENT,L21244
49/492/0722,PERMANENT,L111368
14/191/0020,PERMANENT,L143319
14/309/0017,PERMANENT,L120615
11/272/0015,PERMANENT,L67481
07/117/0039,PERMANENT,L152962
35/150/0061,PERMANENT,L140428
14/285/0129,PERMANENT,L147139
36/231/0043,PERMANENT,L68315
37/204/0092,PERMANENT,L4093
09/194/0065,PERMANENT,L5840
03/074/0005,PERMANENT,L6381
07/144/0103,PERMANENT,L98466
07/204/0054,PERMANENT,L22184
15/201/0105,PERMANENT,L75939
10/455/0096,PERMANENT,L157638
10/001/0181,PERMANENT,L128453
45/233/0007,PERMANENT,L94803
33/007/0006,PERMANENT,L74260
07/022/0099,PERMANENT,L85276
11/239/0002,PERMANENT,L61244
10/458/0137,PERMANENT,L164175
14/084/0009,PERMANENT,L143774
07/110/0025,PERMANENT,L171421
36/096/0009,PERMANENT,L105819
07/029/0012,PERMANENT,L115300
37/227/0012,PERMANENT,L137570
07/206/0054,PERMANENT,L72016
17/158/0028,PERMANENT,L160219
35/212/0013,PERMANENT,L134910
45/026/0002,PERMANENT,L1901
45/072/0060,PERMANENT,L103794
33/040/0014,PERMANENT,L110638
45/089/0062,PERMANENT,L98977
10/088/0007,PERMANENT,L61325
45/188/0016,PERMANENT,L125459
51/182/0028,PERMANENT,L164241
45/273/0081,PERMANENT,L159646
07/186/0243,PERMANENT,L122724
10/096/0044,PERMANENT,L120830
35/144/0610,PERMANENT,L47147
45/010/0035,PERMANENT,L119893
17/209/0016,PERMANENT,L32345
10/101/0029,PERMANENT,L113765
36/478/0105,PERMANENT,L173000
37/196/0058,PERMANENT,L102406
10/073/0045,PERMANENT,L81035
10/138/0195,PERMANENT,L10986
10/015/0071,PERMANENT,L121759
40/119/0249,PERMANENT,L41220
06/301/0076,PERMANENT,L141998
24/416/0013,PERMANENT,L69860
29/024/0005,PERMANENT,L126642
17/139/0046,PERMANENT,L105484
10/024/0119,PERMANENT,L115100
10/397/0084,PERMANENT,L162524
10/317/0046,PERMANENT,L161200
35/279/0048,PERMANENT,L135191
10/076/0018,PERMANENT,L144938
14/101/0003,PERMANENT,L130127
09/131/0001,PERMANENT,L102755
36/167/0003,PERMANENT,L113292
07/197/0078,PERMANENT,L48212
45/248/0003,PERMANENT,L33113
35/132/0009,PERMANENT,L94087
36/444/0016,PERMANENT,L157173
09/116/0036,PERMANENT,L105551
10/153/0059,PERMANENT,L3937
36/387/0005,PERMANENT,L124306
09/061/0002,PERMANENT,L83177
43/249/0008,PERMANENT,L130341
10/398/0009,PERMANENT,L4585
21/238/0011,PERMANENT,L52231
10/095/0107,PERMANENT,L67049
10/133/0037,PERMANENT,L81781
10/406/0005,PERMANENT,L146553
11/060/0068,PERMANENT,L1818
10/347/0008,PERMANENT,L143254
10/406/0117,PERMANENT,L148920
35/156/0028,PERMANENT,L146804
17/470/0010,PERMANENT,L93733
07/020/0005,PERMANENT,L25260
07/152/0034,PERMANENT,L126797
07/051/0240,PERMANENT,L140495
17/039/0013,PERMANENT,L156474
17/226/0014,PERMANENT,L118750
37/146/0017,PERMANENT,L167707
07/197/0052,PERMANENT,L165001
37/081/0088,PERMANENT,L134956
34/613/0004,PERMANENT,L65409
32/027/0016,PERMANENT,L132389
37/031/0010,PERMANENT,L116841
22/197/0008,PERMANENT,L84192
36/326/0073,PERMANENT,L74308
10/167/0056,PERMANENT,L12551
17/527/0142,PERMANENT,L3879
07/110/0061,PERMANENT,L34621
22/129/0074,PERMANENT,L75446
17/322/0091,PERMANENT,L168803
10/470/0048,PERMANENT,L92800
10/173/0011,PERMANENT,L169686
43/063/0003,PERMANENT,L1312
10/155/0048,PERMANENT,L81962
09/018/0005,PERMANENT,L112476
10/167/0003,PERMANENT,L123923
10/274/0011,PERMANENT,L135402
07/137/0079,PERMANENT,L146153
37/195/0015,PERMANENT,L42342
34/491/0003,PERMANENT,L141927
10/390/0004,PERMANENT,L70939
17/102/0059,PERMANENT,L127865
17/439/0187,PERMANENT,L89560
35/272/0001,PERMANENT,L85574
07/195/0089,PERMANENT,L46687
07/092/0099,PERMANENT,L44163
07/149/0011,PERMANENT,L34226
43/183/0019,PERMANENT,L88770
35/235/0087,PERMANENT,L78769
10/199/0176,PERMANENT,L18576
37/028/0021,PERMANENT,L138169
35/130/0009,PERMANENT,L168021
09/582/0001,PERMANENT,L71077
17/183/0067,PERMANENT,L36305
36/022/0482,PERMANENT,L39624
35/062/0208,PERMANENT,L51193
07/082/0001,PERMANENT,L45758
09/030/0006,PERMANENT,L141048
10/397/0033,PERMANENT,L25711
08/145/0032,PERMANENT,L75029
10/087/0043,PERMANENT,L64408
36/092/0026,PERMANENT,L124361
14/021/0028,PERMANENT,L72521
10/321/0021,PERMANENT,L136324
14/202/0005,PERMANENT,L71658
07/103/0007,PERMANENT,L10945
15/291/0037,PERMANENT,L58327
34/650/0007,PERMANENT,L89000
35/065/0016,PERMANENT,L142945
15/043/0004,PERMANENT,L52060
07/031/0009,PERMANENT,L87733
06/382/0030,PERMANENT,L57788
07/122/0019,PERMANENT,L69006
35/144/0323,PERMANENT,L57049
45/321/0005,PERMANENT,L39950
07/158/0062,PERMANENT,L82262
36/014/0137,PERMANENT,L160142
07/121/0136,PERMANENT,L73951
10/085/0008,PERMANENT,L40893
45/311/0058,PERMANENT,L10562
10/321/0155,PERMANENT,L97066
06/267/0020,PERMANENT,L129047
36/072/0006,PERMANENT,L133537
10/405/0091,PERMANENT,L131260
14/100/0018,PERMANENT,L61123
14/079/0011,PERMANENT,L19078
36/094/0014,PERMANENT,L2033
10/076/0069,PERMANENT,L115363
17/150/0015,PERMANENT,L91969
10/067/0001,PERMANENT,L159769
06/332/0018,PERMANENT,L139935
10/300/0026,PERMANENT,L108650
10/131/0036,PERMANENT,L101518
08/145/0023,PERMANENT,L109506
10/106/0003,PERMANENT,L160610
07/131/0046,PERMANENT,L32787
35/281/0036,PERMANENT,L121133
36/254/0019,PERMANENT,L149046
06/297/0024,PERMANENT,L94984
45/138/0019,PERMANENT,L135913
43/085/0040,PERMANENT,L46106
45/072/0013,PERMANENT,L46401
35/212/0030,PERMANENT,L155553
36/317/0056,PERMANENT,L98131
34/431/0014,PERMANENT,L148908
10/270/0033,PERMANENT,L22390
07/135/0002,PERMANENT,L175102
35/095/0034,PERMANENT,L140129
07/021/0083,PERMANENT,L31971
45/056/0095,PERMANENT,L23499
36/230/0016,PERMANENT,L37703
10/442/0027,PERMANENT,L71242
09/099/0025,PERMANENT,L101164
09/052/0007,PERMANENT,L50581
07/140/0003,PERMANENT,L141550
36/474/0032,PERMANENT,L117807
33/328/0006,PERMANENT,L105238
45/165/0002,PERMANENT,L132114
34/616/0171,PERMANENT,L55349
07/181/0035,PERMANENT,L70763
37/057/0025,PERMANENT,L115599
07/053/0028,PERMANENT,L170423
06/296/0014,PERMANENT,L5572
35/194/0021,PERMANENT,L41184
17/147/0064,PERMANENT,L70240
36/340/0012,PERMANENT,L23240
35/140/0035,PERMANENT,L93359
36/435/0031,PERMANENT,L153391
09/225/0148,PERMANENT,L41295
10/314/0001,PERMANENT,L92519
10/033/0071,PERMANENT,L89401
10/201/0003,PERMANENT,L30244
11/067/0051,PERMANENT,L157224
10/115/0018,PERMANENT,L25216
10/374/0006,PERMANENT,L121339
07/076/0011,PERMANENT,L140753
36/064/0248,PERMANENT,L101675
14/233/0004,PERMANENT,L161381
43/272/0030,PERMANENT,L44446
17/323/0083,PERMANENT,L107618
37/064/0128,PERMANENT,L97034
10/228/0056,PERMANENT,L137403
35/056/0004,PERMANENT,L140220
07/207/0179,PERMANENT,L29409
36/106/0019,PERMANENT,L49858
55/008/0009,PERMANENT,L4710
36/034/0012,PERMANENT,L52431
10/177/0122,PERMANENT,L31414
37/227/0061,PERMANENT,L113718
21/146/0096,PERMANENT,L33400
14/124/0008,PERMANENT,L168224
10/414/0005,PERMANENT,L79780
34/701/0012,PERMANENT,L6103
17/242/0004,PERMANENT,L33046
07/044/0110,PERMANENT,L57193
07/170/0073,PERMANENT,L136955
35/156/0013,PERMANENT,L29493
37/149/0016,PERMANENT,L25978